{"cameraMode":{"drawMode":0,"name":"Shaded","section":"Shading Mode"},"sceneLighting":false,"audioPlay":false,"sceneViewState":{"m_AlwaysRefresh":true,"showFog":true,"showSkybox":false,"showFlares":true,"showImageEffects":true,"showParticleSystems":true,"showVisualEffectGraphs":true,"m_FxEnabled":true},"in2DMode":false,"pivot":{"x":0.20475101470947267,"y":-0.33431756496429446,"z":0.2304210066795349},"rotation":{"x":0.3410930633544922,"y":0.4938029646873474,"z":-0.21891441941261292,"w":0.7693340182304382},"size":1.0491609573364258,"orthographic":false}