{"cameraMode":{"drawMode":0,"name":"Shaded","section":"Shading Mode"},"sceneLighting":false,"audioPlay":false,"sceneViewState":{"m_AlwaysRefresh":true,"showFog":true,"showSkybox":false,"showFlares":true,"showImageEffects":true,"showParticleSystems":true,"showVisualEffectGraphs":true,"m_FxEnabled":true},"in2DMode":false,"pivot":{"x":-0.04964934289455414,"y":1.4975029230117798,"z":0.045879267156124118},"rotation":{"x":-0.28583428263664248,"y":-0.18789860606193543,"z":0.05725787207484245,"w":-0.9379239678382874},"size":1.5219757556915284,"orthographic":false}