{"cameraMode":{"drawMode":0,"name":"Shaded","section":"Shading Mode"},"sceneLighting":false,"audioPlay":false,"sceneViewState":{"m_AlwaysRefresh":true,"showFog":true,"showSkybox":false,"showFlares":true,"showImageEffects":true,"showParticleSystems":true,"showVisualEffectGraphs":true,"m_FxEnabled":true},"in2DMode":false,"pivot":{"x":-0.009071983397006989,"y":0.7520585060119629,"z":0.0008313506841659546},"rotation":{"x":0.28733545541763308,"y":0.09094105660915375,"z":-0.027396736666560174,"w":0.953090250492096},"size":0.7741631269454956,"orthographic":false}