{"cameraMode":{"drawMode":0,"name":"Shaded","section":"Shading Mode"},"sceneLighting":false,"audioPlay":false,"sceneViewState":{"m_AlwaysRefresh":true,"showFog":true,"showSkybox":false,"showFlares":true,"showImageEffects":true,"showParticleSystems":true,"showVisualEffectGraphs":true,"m_FxEnabled":true},"in2DMode":false,"pivot":{"x":-0.2383131980895996,"y":0.42709779739379885,"z":0.22796714305877686},"rotation":{"x":0.28743883967399599,"y":0.30125105381011965,"z":-0.09575874358415604,"w":0.9041233658790588},"size":1.0220972299575806,"orthographic":false}