{"cameraMode":{"drawMode":0,"name":"Shaded","section":"Shading Mode"},"sceneLighting":false,"audioPlay":false,"sceneViewState":{"m_AlwaysRefresh":false,"showFog":false,"showSkybox":false,"showFlares":false,"showImageEffects":false,"showParticleSystems":false,"showVisualEffectGraphs":true,"m_FxEnabled":true},"in2DMode":false,"pivot":{"x":0.09460963308811188,"y":1.2833185195922852,"z":-1.52988862991333},"rotation":{"x":0.008433963172137738,"y":0.9733583331108093,"z":-0.22616973519325257,"w":0.036194201558828357},"size":3.338686227798462,"orthographic":false}