{"cameraMode":{"drawMode":0,"name":"Shaded","section":"Shading Mode"},"sceneLighting":false,"audioPlay":false,"sceneViewState":{"m_AlwaysRefresh":true,"showFog":true,"showSkybox":true,"showFlares":true,"showImageEffects":true,"showParticleSystems":true,"showVisualEffectGraphs":true,"m_FxEnabled":true},"in2DMode":false,"pivot":{"x":-3.479526996612549,"y":0.8790825605392456,"z":8.560356140136719},"rotation":{"x":-0.10503557324409485,"y":-0.4381389021873474,"z":0.051635753363370898,"w":-0.8912560939788818},"size":3.4181153774261476,"orthographic":false}